data,probabilidade_evento_atipico,is_temperatura_abaixo_media,temperatura_abaixo_media_obtida,temperatura_minima_media,is_temperatura_acima_media,temperatura_acima_media_obtida,temperatura_maxima_media,is_precipitacao_acima_media,precipitacao_acima_media_obtida,precipitacao_media,is_vento_acima_media,vento_acima_media_obtido,vento_media,media_utilizada
02/01,8.33,False,,24.0,False,,28.0,True,44.0,8.35,False,,11.8,"Temperatura Mínima: 24°C, Temperatura Máxima: 28°C, Precipitação: 8.345161290322581 mm, Vento Médio: 11.8 m/s"
03/01,8.33,False,,24.0,False,,28.0,True,15.0,8.35,False,,11.8,"Temperatura Mínima: 24°C, Temperatura Máxima: 28°C, Precipitação: 8.345161290322581 mm, Vento Médio: 11.8 m/s"
04/01,16.67,True,18.0,24.0,False,,28.0,True,14.0,8.35,False,,11.8,"Temperatura Mínima: 24°C, Temperatura Máxima: 28°C, Precipitação: 8.345161290322581 mm, Vento Médio: 11.8 m/s"
05/01,16.67,True,18.0,24.0,False,,28.0,True,32.0,8.35,False,,11.8,"Temperatura Mínima: 24°C, Temperatura Máxima: 28°C, Precipitação: 8.345161290322581 mm, Vento Médio: 11.8 m/s"
07/01,8.33,False,,24.0,False,,28.0,True,47.0,8.35,False,,11.8,"Temperatura Mínima: 24°C, Temperatura Máxima: 28°C, Precipitação: 8.345161290322581 mm, Vento Médio: 11.8 m/s"
08/01,8.33,False,,24.0,False,,28.0,True,15.0,8.35,False,,11.8,"Temperatura Mínima: 24°C, Temperatura Máxima: 28°C, Precipitação: 8.345161290322581 mm, Vento Médio: 11.8 m/s"
10/01,8.33,False,,24.0,False,,28.0,True,16.0,8.35,False,,11.8,"Temperatura Mínima: 24°C, Temperatura Máxima: 28°C, Precipitação: 8.345161290322581 mm, Vento Médio: 11.8 m/s"
15/01,8.33,False,,24.0,False,,28.0,True,36.0,8.35,False,,11.8,"Temperatura Mínima: 24°C, Temperatura Máxima: 28°C, Precipitação: 8.345161290322581 mm, Vento Médio: 11.8 m/s"
17/01,8.33,False,,24.0,False,,28.0,True,55.0,8.35,False,,11.8,"Temperatura Mínima: 24°C, Temperatura Máxima: 28°C, Precipitação: 8.345161290322581 mm, Vento Médio: 11.8 m/s"
18/01,8.33,False,,24.0,False,,28.0,True,15.0,8.35,False,,11.8,"Temperatura Mínima: 24°C, Temperatura Máxima: 28°C, Precipitação: 8.345161290322581 mm, Vento Médio: 11.8 m/s"
20/01,8.33,False,,24.0,False,,28.0,True,24.0,8.35,False,,11.8,"Temperatura Mínima: 24°C, Temperatura Máxima: 28°C, Precipitação: 8.345161290322581 mm, Vento Médio: 11.8 m/s"
21/01,8.33,False,,24.0,False,,28.0,True,54.0,8.35,False,,11.8,"Temperatura Mínima: 24°C, Temperatura Máxima: 28°C, Precipitação: 8.345161290322581 mm, Vento Médio: 11.8 m/s"
24/01,8.33,False,,24.0,False,,28.0,True,25.0,8.35,False,,11.8,"Temperatura Mínima: 24°C, Temperatura Máxima: 28°C, Precipitação: 8.345161290322581 mm, Vento Médio: 11.8 m/s"
26/01,8.33,False,,24.0,False,,28.0,True,17.0,8.35,False,,11.8,"Temperatura Mínima: 24°C, Temperatura Máxima: 28°C, Precipitação: 8.345161290322581 mm, Vento Médio: 11.8 m/s"
27/01,8.33,False,,24.0,False,,28.0,True,59.0,8.35,False,,11.8,"Temperatura Mínima: 24°C, Temperatura Máxima: 28°C, Precipitação: 8.345161290322581 mm, Vento Médio: 11.8 m/s"
28/01,16.67,True,18.0,24.0,False,,28.0,True,19.0,8.35,False,,11.8,"Temperatura Mínima: 24°C, Temperatura Máxima: 28°C, Precipitação: 8.345161290322581 mm, Vento Médio: 11.8 m/s"
29/01,8.33,True,18.0,24.0,False,,28.0,False,,8.35,False,,11.8,"Temperatura Mínima: 24°C, Temperatura Máxima: 28°C, Precipitação: 8.345161290322581 mm, Vento Médio: 11.8 m/s"
30/01,8.33,False,,24.0,False,,28.0,True,19.0,8.35,False,,11.8,"Temperatura Mínima: 24°C, Temperatura Máxima: 28°C, Precipitação: 8.345161290322581 mm, Vento Médio: 11.8 m/s"
04/02,8.33,False,,19.0,False,,28.0,True,23.0,7.74,False,,9.0,"Temperatura Mínima: 19°C, Temperatura Máxima: 28°C, Precipitação: 7.741935483870968 mm, Vento Médio: 9.0 m/s"
06/02,8.33,False,,19.0,False,,28.0,True,13.0,7.74,False,,9.0,"Temperatura Mínima: 19°C, Temperatura Máxima: 28°C, Precipitação: 7.741935483870968 mm, Vento Médio: 9.0 m/s"
07/02,8.33,False,,19.0,False,,28.0,True,66.0,7.74,False,,9.0,"Temperatura Mínima: 19°C, Temperatura Máxima: 28°C, Precipitação: 7.741935483870968 mm, Vento Médio: 9.0 m/s"
14/02,8.33,False,,19.0,False,,28.0,True,45.0,7.74,False,,9.0,"Temperatura Mínima: 19°C, Temperatura Máxima: 28°C, Precipitação: 7.741935483870968 mm, Vento Médio: 9.0 m/s"
15/02,8.33,False,,19.0,False,,28.0,True,15.0,7.74,False,,9.0,"Temperatura Mínima: 19°C, Temperatura Máxima: 28°C, Precipitação: 7.741935483870968 mm, Vento Médio: 9.0 m/s"
16/02,8.33,False,,19.0,False,,28.0,True,54.0,7.74,False,,9.0,"Temperatura Mínima: 19°C, Temperatura Máxima: 28°C, Precipitação: 7.741935483870968 mm, Vento Médio: 9.0 m/s"
20/02,8.33,False,,19.0,False,,28.0,True,41.0,7.74,False,,9.0,"Temperatura Mínima: 19°C, Temperatura Máxima: 28°C, Precipitação: 7.741935483870968 mm, Vento Médio: 9.0 m/s"
21/02,8.33,False,,19.0,False,,28.0,True,45.0,7.74,False,,9.0,"Temperatura Mínima: 19°C, Temperatura Máxima: 28°C, Precipitação: 7.741935483870968 mm, Vento Médio: 9.0 m/s"
24/02,8.33,False,,19.0,False,,28.0,True,16.0,7.74,False,,9.0,"Temperatura Mínima: 19°C, Temperatura Máxima: 28°C, Precipitação: 7.741935483870968 mm, Vento Médio: 9.0 m/s"
28/02,8.33,False,,19.0,False,,28.0,True,16.0,7.74,False,,9.0,"Temperatura Mínima: 19°C, Temperatura Máxima: 28°C, Precipitação: 7.741935483870968 mm, Vento Médio: 9.0 m/s"
01/03,8.33,False,,18.9,False,,28.0,True,53.0,7.39,False,,10.0,"Temperatura Mínima: 18.9°C, Temperatura Máxima: 28°C, Precipitação: 7.390322580645161 mm, Vento Médio: 10.0 m/s"
04/03,8.33,False,,18.9,False,,28.0,True,33.0,7.39,False,,10.0,"Temperatura Mínima: 18.9°C, Temperatura Máxima: 28°C, Precipitação: 7.390322580645161 mm, Vento Médio: 10.0 m/s"
05/03,8.33,False,,18.9,False,,28.0,True,28.0,7.39,False,,10.0,"Temperatura Mínima: 18.9°C, Temperatura Máxima: 28°C, Precipitação: 7.390322580645161 mm, Vento Médio: 10.0 m/s"
06/03,8.33,False,,18.9,False,,28.0,True,13.0,7.39,False,,10.0,"Temperatura Mínima: 18.9°C, Temperatura Máxima: 28°C, Precipitação: 7.390322580645161 mm, Vento Médio: 10.0 m/s"
11/03,8.33,False,,18.9,False,,28.0,True,21.0,7.39,False,,10.0,"Temperatura Mínima: 18.9°C, Temperatura Máxima: 28°C, Precipitação: 7.390322580645161 mm, Vento Médio: 10.0 m/s"
13/03,8.33,False,,18.9,False,,28.0,True,69.0,7.39,False,,10.0,"Temperatura Mínima: 18.9°C, Temperatura Máxima: 28°C, Precipitação: 7.390322580645161 mm, Vento Médio: 10.0 m/s"
17/03,8.33,False,,18.9,False,,28.0,True,19.0,7.39,False,,10.0,"Temperatura Mínima: 18.9°C, Temperatura Máxima: 28°C, Precipitação: 7.390322580645161 mm, Vento Médio: 10.0 m/s"
19/03,8.33,False,,18.9,False,,28.0,True,14.0,7.39,False,,10.0,"Temperatura Mínima: 18.9°C, Temperatura Máxima: 28°C, Precipitação: 7.390322580645161 mm, Vento Médio: 10.0 m/s"
22/03,8.33,False,,18.9,False,,28.0,True,20.0,7.39,False,,10.0,"Temperatura Mínima: 18.9°C, Temperatura Máxima: 28°C, Precipitação: 7.390322580645161 mm, Vento Médio: 10.0 m/s"
25/03,8.33,False,,18.9,False,,28.0,True,31.0,7.39,False,,10.0,"Temperatura Mínima: 18.9°C, Temperatura Máxima: 28°C, Precipitação: 7.390322580645161 mm, Vento Médio: 10.0 m/s"
03/04,8.33,False,,16.6,False,,25.4,True,16.0,2.65,False,,11.0,"Temperatura Mínima: 16.6°C, Temperatura Máxima: 25.4°C, Precipitação: 2.648387096774193 mm, Vento Médio: 11.0 m/s"
04/04,8.33,False,,16.6,False,,25.4,True,5.0,2.65,False,,11.0,"Temperatura Mínima: 16.6°C, Temperatura Máxima: 25.4°C, Precipitação: 2.648387096774193 mm, Vento Médio: 11.0 m/s"
05/04,8.33,False,,16.6,False,,25.4,True,4.0,2.65,False,,11.0,"Temperatura Mínima: 16.6°C, Temperatura Máxima: 25.4°C, Precipitação: 2.648387096774193 mm, Vento Médio: 11.0 m/s"
06/04,8.33,False,,16.6,False,,25.4,True,7.0,2.65,False,,11.0,"Temperatura Mínima: 16.6°C, Temperatura Máxima: 25.4°C, Precipitação: 2.648387096774193 mm, Vento Médio: 11.0 m/s"
07/04,8.33,False,,16.6,False,,25.4,True,26.0,2.65,False,,11.0,"Temperatura Mínima: 16.6°C, Temperatura Máxima: 25.4°C, Precipitação: 2.648387096774193 mm, Vento Médio: 11.0 m/s"
08/04,8.33,False,,16.6,False,,25.4,True,17.0,2.65,False,,11.0,"Temperatura Mínima: 16.6°C, Temperatura Máxima: 25.4°C, Precipitação: 2.648387096774193 mm, Vento Médio: 11.0 m/s"
10/04,8.33,False,,16.6,False,,25.4,True,9.0,2.65,False,,11.0,"Temperatura Mínima: 16.6°C, Temperatura Máxima: 25.4°C, Precipitação: 2.648387096774193 mm, Vento Médio: 11.0 m/s"
13/04,8.33,False,,16.6,False,,25.4,True,40.0,2.65,False,,11.0,"Temperatura Mínima: 16.6°C, Temperatura Máxima: 25.4°C, Precipitação: 2.648387096774193 mm, Vento Médio: 11.0 m/s"
15/04,8.33,False,,16.6,False,,25.4,True,20.0,2.65,False,,11.0,"Temperatura Mínima: 16.6°C, Temperatura Máxima: 25.4°C, Precipitação: 2.648387096774193 mm, Vento Médio: 11.0 m/s"
16/04,8.33,False,,16.6,False,,25.4,True,26.0,2.65,False,,11.0,"Temperatura Mínima: 16.6°C, Temperatura Máxima: 25.4°C, Precipitação: 2.648387096774193 mm, Vento Médio: 11.0 m/s"
24/04,8.33,False,,16.6,False,,25.4,True,5.0,2.65,False,,11.0,"Temperatura Mínima: 16.6°C, Temperatura Máxima: 25.4°C, Precipitação: 2.648387096774193 mm, Vento Médio: 11.0 m/s"
26/04,8.33,False,,16.6,False,,25.4,True,9.0,2.65,False,,11.0,"Temperatura Mínima: 16.6°C, Temperatura Máxima: 25.4°C, Precipitação: 2.648387096774193 mm, Vento Médio: 11.0 m/s"
27/04,8.33,False,,16.6,False,,25.4,True,7.0,2.65,False,,11.0,"Temperatura Mínima: 16.6°C, Temperatura Máxima: 25.4°C, Precipitação: 2.648387096774193 mm, Vento Médio: 11.0 m/s"
28/04,8.33,False,,16.6,False,,25.4,True,9.0,2.65,False,,11.0,"Temperatura Mínima: 16.6°C, Temperatura Máxima: 25.4°C, Precipitação: 2.648387096774193 mm, Vento Médio: 11.0 m/s"
30/04,8.33,False,,16.6,False,,25.4,True,12.0,2.65,False,,11.0,"Temperatura Mínima: 16.6°C, Temperatura Máxima: 25.4°C, Precipitação: 2.648387096774193 mm, Vento Médio: 11.0 m/s"
01/05,8.33,False,,14.8,False,,24.6,False,,1.92,True,2.23,1.78,"Temperatura Mínima: 14.8°C, Temperatura Máxima: 24.6°C, Precipitação: 1.9193548387096775 mm, Vento Médio: 1.78 m/s"
02/05,16.67,False,,14.8,False,,24.6,True,9.0,1.92,True,2.23,1.78,"Temperatura Mínima: 14.8°C, Temperatura Máxima: 24.6°C, Precipitação: 1.9193548387096775 mm, Vento Médio: 1.78 m/s"
05/05,16.67,False,,14.8,False,,24.6,True,4.0,1.92,True,2.23,1.78,"Temperatura Mínima: 14.8°C, Temperatura Máxima: 24.6°C, Precipitação: 1.9193548387096775 mm, Vento Médio: 1.78 m/s"
06/05,8.33,False,,14.8,False,,24.6,False,,1.92,True,2.23,1.78,"Temperatura Mínima: 14.8°C, Temperatura Máxima: 24.6°C, Precipitação: 1.9193548387096775 mm, Vento Médio: 1.78 m/s"
07/05,8.33,False,,14.8,False,,24.6,False,,1.92,True,2.23,1.78,"Temperatura Mínima: 14.8°C, Temperatura Máxima: 24.6°C, Precipitação: 1.9193548387096775 mm, Vento Médio: 1.78 m/s"
12/05,8.33,False,,14.8,False,,24.6,False,,1.92,True,2.23,1.78,"Temperatura Mínima: 14.8°C, Temperatura Máxima: 24.6°C, Precipitação: 1.9193548387096775 mm, Vento Médio: 1.78 m/s"
13/05,8.33,False,,14.8,False,,24.6,False,,1.92,True,2.23,1.78,"Temperatura Mínima: 14.8°C, Temperatura Máxima: 24.6°C, Precipitação: 1.9193548387096775 mm, Vento Médio: 1.78 m/s"
14/05,8.33,False,,14.8,False,,24.6,False,,1.92,True,2.23,1.78,"Temperatura Mínima: 14.8°C, Temperatura Máxima: 24.6°C, Precipitação: 1.9193548387096775 mm, Vento Médio: 1.78 m/s"
15/05,16.67,False,,14.8,False,,24.6,True,4.0,1.92,True,2.23,1.78,"Temperatura Mínima: 14.8°C, Temperatura Máxima: 24.6°C, Precipitação: 1.9193548387096775 mm, Vento Médio: 1.78 m/s"
17/05,8.33,False,,14.8,False,,24.6,False,,1.92,True,2.23,1.78,"Temperatura Mínima: 14.8°C, Temperatura Máxima: 24.6°C, Precipitação: 1.9193548387096775 mm, Vento Médio: 1.78 m/s"
23/05,16.67,False,,14.8,False,,24.6,True,7.0,1.92,True,2.23,1.78,"Temperatura Mínima: 14.8°C, Temperatura Máxima: 24.6°C, Precipitação: 1.9193548387096775 mm, Vento Médio: 1.78 m/s"
25/05,8.33,False,,14.8,False,,24.6,False,,1.92,True,2.23,1.78,"Temperatura Mínima: 14.8°C, Temperatura Máxima: 24.6°C, Precipitação: 1.9193548387096775 mm, Vento Médio: 1.78 m/s"
26/05,8.33,False,,14.8,False,,24.6,True,3.0,1.92,False,,1.78,"Temperatura Mínima: 14.8°C, Temperatura Máxima: 24.6°C, Precipitação: 1.9193548387096775 mm, Vento Médio: 1.78 m/s"
27/05,8.33,False,,14.8,False,,24.6,False,,1.92,True,2.23,1.78,"Temperatura Mínima: 14.8°C, Temperatura Máxima: 24.6°C, Precipitação: 1.9193548387096775 mm, Vento Médio: 1.78 m/s"
28/05,16.67,False,,14.8,False,,24.6,True,24.0,1.92,True,2.23,1.78,"Temperatura Mínima: 14.8°C, Temperatura Máxima: 24.6°C, Precipitação: 1.9193548387096775 mm, Vento Médio: 1.78 m/s"
29/05,8.33,True,11.1,14.8,False,,24.6,False,,1.92,False,,1.78,"Temperatura Mínima: 14.8°C, Temperatura Máxima: 24.6°C, Precipitação: 1.9193548387096775 mm, Vento Médio: 1.78 m/s"
30/05,8.33,False,,14.8,False,,24.6,False,,1.92,True,2.23,1.78,"Temperatura Mínima: 14.8°C, Temperatura Máxima: 24.6°C, Precipitação: 1.9193548387096775 mm, Vento Médio: 1.78 m/s"
31/05,16.67,True,11.1,14.8,False,,24.6,False,,1.92,True,2.23,1.78,"Temperatura Mínima: 14.8°C, Temperatura Máxima: 24.6°C, Precipitação: 1.9193548387096775 mm, Vento Médio: 1.78 m/s"
01/06,8.33,False,,13.0,False,,21.0,False,,1.58,True,2.75,2.2,"Temperatura Mínima: 13°C, Temperatura Máxima: 21°C, Precipitação: 1.5806451612903225 mm, Vento Médio: 2.2 m/s"
02/06,8.33,False,,13.0,False,,21.0,True,5.0,1.58,False,,2.2,"Temperatura Mínima: 13°C, Temperatura Máxima: 21°C, Precipitação: 1.5806451612903225 mm, Vento Médio: 2.2 m/s"
03/06,8.33,False,,13.0,False,,21.0,False,,1.58,True,2.75,2.2,"Temperatura Mínima: 13°C, Temperatura Máxima: 21°C, Precipitação: 1.5806451612903225 mm, Vento Médio: 2.2 m/s"
04/06,25.0,True,9.75,13.0,False,,21.0,True,28.0,1.58,True,2.75,2.2,"Temperatura Mínima: 13°C, Temperatura Máxima: 21°C, Precipitação: 1.5806451612903225 mm, Vento Médio: 2.2 m/s"
05/06,8.33,False,,13.0,False,,21.0,True,25.0,1.58,False,,2.2,"Temperatura Mínima: 13°C, Temperatura Máxima: 21°C, Precipitação: 1.5806451612903225 mm, Vento Médio: 2.2 m/s"
07/06,8.33,False,,13.0,False,,21.0,True,5.0,1.58,False,,2.2,"Temperatura Mínima: 13°C, Temperatura Máxima: 21°C, Precipitação: 1.5806451612903225 mm, Vento Médio: 2.2 m/s"
08/06,8.33,False,,13.0,False,,21.0,False,,1.58,True,2.75,2.2,"Temperatura Mínima: 13°C, Temperatura Máxima: 21°C, Precipitação: 1.5806451612903225 mm, Vento Médio: 2.2 m/s"
11/06,8.33,False,,13.0,False,,21.0,True,3.0,1.58,False,,2.2,"Temperatura Mínima: 13°C, Temperatura Máxima: 21°C, Precipitação: 1.5806451612903225 mm, Vento Médio: 2.2 m/s"
14/06,8.33,False,,13.0,False,,21.0,False,,1.58,True,2.75,2.2,"Temperatura Mínima: 13°C, Temperatura Máxima: 21°C, Precipitação: 1.5806451612903225 mm, Vento Médio: 2.2 m/s"
15/06,8.33,False,,13.0,False,,21.0,True,4.0,1.58,False,,2.2,"Temperatura Mínima: 13°C, Temperatura Máxima: 21°C, Precipitação: 1.5806451612903225 mm, Vento Médio: 2.2 m/s"
17/06,8.33,False,,13.0,False,,21.0,True,13.0,1.58,False,,2.2,"Temperatura Mínima: 13°C, Temperatura Máxima: 21°C, Precipitação: 1.5806451612903225 mm, Vento Médio: 2.2 m/s"
20/06,16.67,False,,13.0,False,,21.0,True,6.0,1.58,True,2.75,2.2,"Temperatura Mínima: 13°C, Temperatura Máxima: 21°C, Precipitação: 1.5806451612903225 mm, Vento Médio: 2.2 m/s"
21/06,16.67,False,,13.0,False,,21.0,True,4.0,1.58,True,2.75,2.2,"Temperatura Mínima: 13°C, Temperatura Máxima: 21°C, Precipitação: 1.5806451612903225 mm, Vento Médio: 2.2 m/s"
22/06,8.33,False,,13.0,False,,21.0,False,,1.58,True,2.75,2.2,"Temperatura Mínima: 13°C, Temperatura Máxima: 21°C, Precipitação: 1.5806451612903225 mm, Vento Médio: 2.2 m/s"
23/06,8.33,False,,13.0,False,,21.0,False,,1.58,True,2.75,2.2,"Temperatura Mínima: 13°C, Temperatura Máxima: 21°C, Precipitação: 1.5806451612903225 mm, Vento Médio: 2.2 m/s"
24/06,8.33,False,,13.0,False,,21.0,True,4.0,1.58,False,,2.2,"Temperatura Mínima: 13°C, Temperatura Máxima: 21°C, Precipitação: 1.5806451612903225 mm, Vento Médio: 2.2 m/s"
25/06,16.67,False,,13.0,False,,21.0,True,11.0,1.58,True,2.75,2.2,"Temperatura Mínima: 13°C, Temperatura Máxima: 21°C, Precipitação: 1.5806451612903225 mm, Vento Médio: 2.2 m/s"
26/06,8.33,False,,13.0,False,,21.0,False,,1.58,True,2.75,2.2,"Temperatura Mínima: 13°C, Temperatura Máxima: 21°C, Precipitação: 1.5806451612903225 mm, Vento Médio: 2.2 m/s"
27/06,16.67,False,,13.0,False,,21.0,True,3.0,1.58,True,2.75,2.2,"Temperatura Mínima: 13°C, Temperatura Máxima: 21°C, Precipitação: 1.5806451612903225 mm, Vento Médio: 2.2 m/s"
28/06,16.67,True,9.75,13.0,False,,21.0,False,,1.58,True,2.75,2.2,"Temperatura Mínima: 13°C, Temperatura Máxima: 21°C, Precipitação: 1.5806451612903225 mm, Vento Médio: 2.2 m/s"
30/06,8.33,False,,13.0,False,,21.0,False,,1.58,True,2.75,2.2,"Temperatura Mínima: 13°C, Temperatura Máxima: 21°C, Precipitação: 1.5806451612903225 mm, Vento Médio: 2.2 m/s"
01/07,8.33,False,,12.0,False,,23.0,True,6.0,1.94,False,,2.6,"Temperatura Mínima: 12°C, Temperatura Máxima: 23°C, Precipitação: 1.935483870967742 mm, Vento Médio: 2.6 m/s"
02/07,8.33,False,,12.0,False,,23.0,False,,1.94,True,3.25,2.6,"Temperatura Mínima: 12°C, Temperatura Máxima: 23°C, Precipitação: 1.935483870967742 mm, Vento Médio: 2.6 m/s"
03/07,8.33,False,,12.0,False,,23.0,True,6.0,1.94,False,,2.6,"Temperatura Mínima: 12°C, Temperatura Máxima: 23°C, Precipitação: 1.935483870967742 mm, Vento Médio: 2.6 m/s"
04/07,16.67,False,,12.0,False,,23.0,True,5.0,1.94,True,3.25,2.6,"Temperatura Mínima: 12°C, Temperatura Máxima: 23°C, Precipitação: 1.935483870967742 mm, Vento Médio: 2.6 m/s"
06/07,8.33,False,,12.0,False,,23.0,False,,1.94,True,3.25,2.6,"Temperatura Mínima: 12°C, Temperatura Máxima: 23°C, Precipitação: 1.935483870967742 mm, Vento Médio: 2.6 m/s"
11/07,8.33,False,,12.0,False,,23.0,True,15.0,1.94,False,,2.6,"Temperatura Mínima: 12°C, Temperatura Máxima: 23°C, Precipitação: 1.935483870967742 mm, Vento Médio: 2.6 m/s"
12/07,8.33,False,,12.0,False,,23.0,True,5.0,1.94,False,,2.6,"Temperatura Mínima: 12°C, Temperatura Máxima: 23°C, Precipitação: 1.935483870967742 mm, Vento Médio: 2.6 m/s"
16/07,8.33,False,,12.0,False,,23.0,True,23.0,1.94,False,,2.6,"Temperatura Mínima: 12°C, Temperatura Máxima: 23°C, Precipitação: 1.935483870967742 mm, Vento Médio: 2.6 m/s"
17/07,8.33,False,,12.0,False,,23.0,True,8.0,1.94,False,,2.6,"Temperatura Mínima: 12°C, Temperatura Máxima: 23°C, Precipitação: 1.935483870967742 mm, Vento Médio: 2.6 m/s"
20/07,8.33,False,,12.0,False,,23.0,False,,1.94,True,3.25,2.6,"Temperatura Mínima: 12°C, Temperatura Máxima: 23°C, Precipitação: 1.935483870967742 mm, Vento Médio: 2.6 m/s"
22/07,8.33,False,,12.0,False,,23.0,False,,1.94,True,3.25,2.6,"Temperatura Mínima: 12°C, Temperatura Máxima: 23°C, Precipitação: 1.935483870967742 mm, Vento Médio: 2.6 m/s"
23/07,8.33,True,9.0,12.0,False,,23.0,False,,1.94,False,,2.6,"Temperatura Mínima: 12°C, Temperatura Máxima: 23°C, Precipitação: 1.935483870967742 mm, Vento Médio: 2.6 m/s"
26/07,7.69,False,,12.0,False,,23.0,False,,1.94,True,3.25,2.6,"Temperatura Mínima: 12°C, Temperatura Máxima: 23°C, Precipitação: 1.935483870967742 mm, Vento Médio: 2.6 m/s"
29/07,7.69,False,,12.0,False,,23.0,True,3.0,1.94,False,,2.6,"Temperatura Mínima: 12°C, Temperatura Máxima: 23°C, Precipitação: 1.935483870967742 mm, Vento Médio: 2.6 m/s"
02/08,7.69,False,,13.0,False,,25.0,False,,0.97,True,3.38,2.7,"Temperatura Mínima: 13°C, Temperatura Máxima: 25°C, Precipitação: 0.967741935483871 mm, Vento Médio: 2.7 m/s"
03/08,7.69,False,,13.0,False,,25.0,True,5.0,0.97,False,,2.7,"Temperatura Mínima: 13°C, Temperatura Máxima: 25°C, Precipitação: 0.967741935483871 mm, Vento Médio: 2.7 m/s"
06/08,7.69,False,,13.0,False,,25.0,False,,0.97,True,3.38,2.7,"Temperatura Mínima: 13°C, Temperatura Máxima: 25°C, Precipitação: 0.967741935483871 mm, Vento Médio: 2.7 m/s"
07/08,7.69,False,,13.0,False,,25.0,True,10.0,0.97,False,,2.7,"Temperatura Mínima: 13°C, Temperatura Máxima: 25°C, Precipitação: 0.967741935483871 mm, Vento Médio: 2.7 m/s"
08/08,15.38,False,,13.0,False,,25.0,True,2.0,0.97,True,3.38,2.7,"Temperatura Mínima: 13°C, Temperatura Máxima: 25°C, Precipitação: 0.967741935483871 mm, Vento Médio: 2.7 m/s"
09/08,7.69,False,,13.0,False,,25.0,False,,0.97,True,3.38,2.7,"Temperatura Mínima: 13°C, Temperatura Máxima: 25°C, Precipitação: 0.967741935483871 mm, Vento Médio: 2.7 m/s"
10/08,7.69,False,,13.0,False,,25.0,False,,0.97,True,3.38,2.7,"Temperatura Mínima: 13°C, Temperatura Máxima: 25°C, Precipitação: 0.967741935483871 mm, Vento Médio: 2.7 m/s"
11/08,7.69,False,,13.0,False,,25.0,False,,0.97,True,3.38,2.7,"Temperatura Mínima: 13°C, Temperatura Máxima: 25°C, Precipitação: 0.967741935483871 mm, Vento Médio: 2.7 m/s"
15/08,7.69,False,,13.0,False,,25.0,False,,0.97,True,3.38,2.7,"Temperatura Mínima: 13°C, Temperatura Máxima: 25°C, Precipitação: 0.967741935483871 mm, Vento Médio: 2.7 m/s"
17/08,7.69,False,,13.0,False,,25.0,True,6.0,0.97,False,,2.7,"Temperatura Mínima: 13°C, Temperatura Máxima: 25°C, Precipitação: 0.967741935483871 mm, Vento Médio: 2.7 m/s"
18/08,7.69,False,,13.0,False,,25.0,False,,0.97,True,3.38,2.7,"Temperatura Mínima: 13°C, Temperatura Máxima: 25°C, Precipitação: 0.967741935483871 mm, Vento Médio: 2.7 m/s"
19/08,7.69,False,,13.0,False,,25.0,True,4.0,0.97,False,,2.7,"Temperatura Mínima: 13°C, Temperatura Máxima: 25°C, Precipitação: 0.967741935483871 mm, Vento Médio: 2.7 m/s"
20/08,7.69,False,,13.0,False,,25.0,True,9.0,0.97,False,,2.7,"Temperatura Mínima: 13°C, Temperatura Máxima: 25°C, Precipitação: 0.967741935483871 mm, Vento Médio: 2.7 m/s"
22/08,7.69,False,,13.0,False,,25.0,False,,0.97,True,3.38,2.7,"Temperatura Mínima: 13°C, Temperatura Máxima: 25°C, Precipitação: 0.967741935483871 mm, Vento Médio: 2.7 m/s"
23/08,7.69,False,,13.0,False,,25.0,True,2.0,0.97,False,,2.7,"Temperatura Mínima: 13°C, Temperatura Máxima: 25°C, Precipitação: 0.967741935483871 mm, Vento Médio: 2.7 m/s"
24/08,7.69,False,,13.0,False,,25.0,False,,0.97,True,3.38,2.7,"Temperatura Mínima: 13°C, Temperatura Máxima: 25°C, Precipitação: 0.967741935483871 mm, Vento Médio: 2.7 m/s"
25/08,7.69,False,,13.0,False,,25.0,True,2.0,0.97,False,,2.7,"Temperatura Mínima: 13°C, Temperatura Máxima: 25°C, Precipitação: 0.967741935483871 mm, Vento Médio: 2.7 m/s"
27/08,15.38,False,,13.0,False,,25.0,True,4.0,0.97,True,3.38,2.7,"Temperatura Mínima: 13°C, Temperatura Máxima: 25°C, Precipitação: 0.967741935483871 mm, Vento Médio: 2.7 m/s"
30/08,7.69,False,,13.0,False,,25.0,True,2.0,0.97,False,,2.7,"Temperatura Mínima: 13°C, Temperatura Máxima: 25°C, Precipitação: 0.967741935483871 mm, Vento Médio: 2.7 m/s"
31/08,15.38,False,,13.0,False,,25.0,True,16.0,0.97,True,3.38,2.7,"Temperatura Mínima: 13°C, Temperatura Máxima: 25°C, Precipitação: 0.967741935483871 mm, Vento Médio: 2.7 m/s"
01/09,7.69,False,,14.0,False,,24.0,True,16.0,2.29,False,,3.3,"Temperatura Mínima: 14°C, Temperatura Máxima: 24°C, Precipitação: 2.2903225806451615 mm, Vento Médio: 3.3 m/s"
04/09,7.69,False,,14.0,False,,24.0,True,17.0,2.29,False,,3.3,"Temperatura Mínima: 14°C, Temperatura Máxima: 24°C, Precipitação: 2.2903225806451615 mm, Vento Médio: 3.3 m/s"
06/09,7.69,False,,14.0,False,,24.0,True,10.0,2.29,False,,3.3,"Temperatura Mínima: 14°C, Temperatura Máxima: 24°C, Precipitação: 2.2903225806451615 mm, Vento Médio: 3.3 m/s"
07/09,7.69,False,,14.0,False,,24.0,True,6.0,2.29,False,,3.3,"Temperatura Mínima: 14°C, Temperatura Máxima: 24°C, Precipitação: 2.2903225806451615 mm, Vento Médio: 3.3 m/s"
08/09,7.69,False,,14.0,False,,24.0,True,28.0,2.29,False,,3.3,"Temperatura Mínima: 14°C, Temperatura Máxima: 24°C, Precipitação: 2.2903225806451615 mm, Vento Médio: 3.3 m/s"
11/09,7.69,False,,14.0,False,,24.0,True,11.0,2.29,False,,3.3,"Temperatura Mínima: 14°C, Temperatura Máxima: 24°C, Precipitação: 2.2903225806451615 mm, Vento Médio: 3.3 m/s"
14/09,7.69,False,,14.0,False,,24.0,True,15.0,2.29,False,,3.3,"Temperatura Mínima: 14°C, Temperatura Máxima: 24°C, Precipitação: 2.2903225806451615 mm, Vento Médio: 3.3 m/s"
15/09,7.69,False,,14.0,True,30.0,24.0,False,,2.29,False,,3.3,"Temperatura Mínima: 14°C, Temperatura Máxima: 24°C, Precipitação: 2.2903225806451615 mm, Vento Médio: 3.3 m/s"
21/09,7.69,False,,14.0,False,,24.0,True,9.0,2.29,False,,3.3,"Temperatura Mínima: 14°C, Temperatura Máxima: 24°C, Precipitação: 2.2903225806451615 mm, Vento Médio: 3.3 m/s"
23/09,7.69,False,,14.0,False,,24.0,True,7.0,2.29,False,,3.3,"Temperatura Mínima: 14°C, Temperatura Máxima: 24°C, Precipitação: 2.2903225806451615 mm, Vento Médio: 3.3 m/s"
24/09,7.69,False,,14.0,False,,24.0,True,6.0,2.29,False,,3.3,"Temperatura Mínima: 14°C, Temperatura Máxima: 24°C, Precipitação: 2.2903225806451615 mm, Vento Médio: 3.3 m/s"
25/09,7.69,False,,14.0,True,30.0,24.0,False,,2.29,False,,3.3,"Temperatura Mínima: 14°C, Temperatura Máxima: 24°C, Precipitação: 2.2903225806451615 mm, Vento Médio: 3.3 m/s"
30/09,7.69,False,,14.0,False,,24.0,True,4.0,2.29,False,,3.3,"Temperatura Mínima: 14°C, Temperatura Máxima: 24°C, Precipitação: 2.2903225806451615 mm, Vento Médio: 3.3 m/s"
01/10,7.69,False,,16.0,False,,24.2,True,14.0,5.26,False,,7.0,"Temperatura Mínima: 16°C, Temperatura Máxima: 24.2°C, Precipitação: 5.258064516129032 mm, Vento Médio: 7 m/s"
02/10,7.69,False,,16.0,False,,24.2,True,19.0,5.26,False,,7.0,"Temperatura Mínima: 16°C, Temperatura Máxima: 24.2°C, Precipitação: 5.258064516129032 mm, Vento Médio: 7 m/s"
09/10,7.69,False,,16.0,False,,24.2,True,8.0,5.26,False,,7.0,"Temperatura Mínima: 16°C, Temperatura Máxima: 24.2°C, Precipitação: 5.258064516129032 mm, Vento Médio: 7 m/s"
12/10,7.69,False,,16.0,True,30.25,24.2,False,,5.26,False,,7.0,"Temperatura Mínima: 16°C, Temperatura Máxima: 24.2°C, Precipitação: 5.258064516129032 mm, Vento Médio: 7 m/s"
13/10,7.69,False,,16.0,False,,24.2,True,12.0,5.26,False,,7.0,"Temperatura Mínima: 16°C, Temperatura Máxima: 24.2°C, Precipitação: 5.258064516129032 mm, Vento Médio: 7 m/s"
15/10,7.69,False,,16.0,False,,24.2,True,14.0,5.26,False,,7.0,"Temperatura Mínima: 16°C, Temperatura Máxima: 24.2°C, Precipitação: 5.258064516129032 mm, Vento Médio: 7 m/s"
17/10,7.69,False,,16.0,False,,24.2,True,9.0,5.26,False,,7.0,"Temperatura Mínima: 16°C, Temperatura Máxima: 24.2°C, Precipitação: 5.258064516129032 mm, Vento Médio: 7 m/s"
18/10,7.69,False,,16.0,False,,24.2,True,7.0,5.26,False,,7.0,"Temperatura Mínima: 16°C, Temperatura Máxima: 24.2°C, Precipitação: 5.258064516129032 mm, Vento Médio: 7 m/s"
19/10,7.69,False,,16.0,False,,24.2,True,17.0,5.26,False,,7.0,"Temperatura Mínima: 16°C, Temperatura Máxima: 24.2°C, Precipitação: 5.258064516129032 mm, Vento Médio: 7 m/s"
22/10,7.69,False,,16.0,True,30.25,24.2,False,,5.26,False,,7.0,"Temperatura Mínima: 16°C, Temperatura Máxima: 24.2°C, Precipitação: 5.258064516129032 mm, Vento Médio: 7 m/s"
24/10,7.69,False,,16.0,False,,24.2,True,10.0,5.26,False,,7.0,"Temperatura Mínima: 16°C, Temperatura Máxima: 24.2°C, Precipitação: 5.258064516129032 mm, Vento Médio: 7 m/s"
26/10,7.69,False,,16.0,False,,24.2,True,43.0,5.26,False,,7.0,"Temperatura Mínima: 16°C, Temperatura Máxima: 24.2°C, Precipitação: 5.258064516129032 mm, Vento Médio: 7 m/s"
28/10,7.69,False,,16.0,True,30.25,24.2,False,,5.26,False,,7.0,"Temperatura Mínima: 16°C, Temperatura Máxima: 24.2°C, Precipitação: 5.258064516129032 mm, Vento Médio: 7 m/s"
30/10,7.69,False,,16.0,True,30.25,24.2,False,,5.26,False,,7.0,"Temperatura Mínima: 16°C, Temperatura Máxima: 24.2°C, Precipitação: 5.258064516129032 mm, Vento Médio: 7 m/s"
31/10,15.38,False,,16.0,True,30.25,24.2,True,9.0,5.26,False,,7.0,"Temperatura Mínima: 16°C, Temperatura Máxima: 24.2°C, Precipitação: 5.258064516129032 mm, Vento Médio: 7 m/s"
01/11,7.69,False,,16.9,False,,24.5,True,15.0,4.9,False,,6.0,"Temperatura Mínima: 16.9°C, Temperatura Máxima: 24.5°C, Precipitação: 4.903225806451613 mm, Vento Médio: 6 m/s"
04/11,7.69,False,,16.9,False,,24.5,True,11.0,4.9,False,,6.0,"Temperatura Mínima: 16.9°C, Temperatura Máxima: 24.5°C, Precipitação: 4.903225806451613 mm, Vento Médio: 6 m/s"
07/11,7.69,False,,16.9,False,,24.5,True,10.0,4.9,False,,6.0,"Temperatura Mínima: 16.9°C, Temperatura Máxima: 24.5°C, Precipitação: 4.903225806451613 mm, Vento Médio: 6 m/s"
09/11,7.69,False,,16.9,False,,24.5,True,10.0,4.9,False,,6.0,"Temperatura Mínima: 16.9°C, Temperatura Máxima: 24.5°C, Precipitação: 4.903225806451613 mm, Vento Médio: 6 m/s"
10/11,7.69,False,,16.9,False,,24.5,True,17.0,4.9,False,,6.0,"Temperatura Mínima: 16.9°C, Temperatura Máxima: 24.5°C, Precipitação: 4.903225806451613 mm, Vento Médio: 6 m/s"
12/11,7.69,False,,16.9,False,,24.5,True,7.0,4.9,False,,6.0,"Temperatura Mínima: 16.9°C, Temperatura Máxima: 24.5°C, Precipitação: 4.903225806451613 mm, Vento Médio: 6 m/s"
14/11,7.69,False,,16.9,False,,24.5,True,12.0,4.9,False,,6.0,"Temperatura Mínima: 16.9°C, Temperatura Máxima: 24.5°C, Precipitação: 4.903225806451613 mm, Vento Médio: 6 m/s"
16/11,7.69,False,,16.9,False,,24.5,True,19.0,4.9,False,,6.0,"Temperatura Mínima: 16.9°C, Temperatura Máxima: 24.5°C, Precipitação: 4.903225806451613 mm, Vento Médio: 6 m/s"
17/11,15.38,False,,16.9,True,30.62,24.5,True,12.0,4.9,False,,6.0,"Temperatura Mínima: 16.9°C, Temperatura Máxima: 24.5°C, Precipitação: 4.903225806451613 mm, Vento Médio: 6 m/s"
18/11,7.69,False,,16.9,False,,24.5,True,14.0,4.9,False,,6.0,"Temperatura Mínima: 16.9°C, Temperatura Máxima: 24.5°C, Precipitação: 4.903225806451613 mm, Vento Médio: 6 m/s"
21/11,7.69,False,,16.9,False,,24.5,True,7.0,4.9,False,,6.0,"Temperatura Mínima: 16.9°C, Temperatura Máxima: 24.5°C, Precipitação: 4.903225806451613 mm, Vento Médio: 6 m/s"
22/11,7.69,False,,16.9,False,,24.5,True,7.0,4.9,False,,6.0,"Temperatura Mínima: 16.9°C, Temperatura Máxima: 24.5°C, Precipitação: 4.903225806451613 mm, Vento Médio: 6 m/s"
29/11,7.69,False,,16.9,False,,24.5,True,23.0,4.9,False,,6.0,"Temperatura Mínima: 16.9°C, Temperatura Máxima: 24.5°C, Precipitação: 4.903225806451613 mm, Vento Médio: 6 m/s"
30/11,7.69,False,,16.9,False,,24.5,True,7.0,4.9,False,,6.0,"Temperatura Mínima: 16.9°C, Temperatura Máxima: 24.5°C, Precipitação: 4.903225806451613 mm, Vento Médio: 6 m/s"
02/12,7.69,False,,18.5,False,,26.5,True,20.0,5.97,False,,11.0,"Temperatura Mínima: 18.5°C, Temperatura Máxima: 26.5°C, Precipitação: 5.967741935483871 mm, Vento Médio: 11 m/s"
03/12,7.69,False,,18.5,False,,26.5,True,23.0,5.97,False,,11.0,"Temperatura Mínima: 18.5°C, Temperatura Máxima: 26.5°C, Precipitação: 5.967741935483871 mm, Vento Médio: 11 m/s"
04/12,7.69,False,,18.5,False,,26.5,True,23.0,5.97,False,,11.0,"Temperatura Mínima: 18.5°C, Temperatura Máxima: 26.5°C, Precipitação: 5.967741935483871 mm, Vento Médio: 11 m/s"
06/12,7.69,False,,18.5,False,,26.5,True,11.0,5.97,False,,11.0,"Temperatura Mínima: 18.5°C, Temperatura Máxima: 26.5°C, Precipitação: 5.967741935483871 mm, Vento Médio: 11 m/s"
07/12,7.69,False,,18.5,False,,26.5,True,26.0,5.97,False,,11.0,"Temperatura Mínima: 18.5°C, Temperatura Máxima: 26.5°C, Precipitação: 5.967741935483871 mm, Vento Médio: 11 m/s"
08/12,7.69,False,,18.5,False,,26.5,True,29.0,5.97,False,,11.0,"Temperatura Mínima: 18.5°C, Temperatura Máxima: 26.5°C, Precipitação: 5.967741935483871 mm, Vento Médio: 11 m/s"
09/12,7.69,True,13.88,18.5,False,,26.5,False,,5.97,False,,11.0,"Temperatura Mínima: 18.5°C, Temperatura Máxima: 26.5°C, Precipitação: 5.967741935483871 mm, Vento Médio: 11 m/s"
12/12,7.69,False,,18.5,False,,26.5,True,19.0,5.97,False,,11.0,"Temperatura Mínima: 18.5°C, Temperatura Máxima: 26.5°C, Precipitação: 5.967741935483871 mm, Vento Médio: 11 m/s"
13/12,7.69,False,,18.5,False,,26.5,True,14.0,5.97,False,,11.0,"Temperatura Mínima: 18.5°C, Temperatura Máxima: 26.5°C, Precipitação: 5.967741935483871 mm, Vento Médio: 11 m/s"
14/12,7.69,False,,18.5,False,,26.5,True,24.0,5.97,False,,11.0,"Temperatura Mínima: 18.5°C, Temperatura Máxima: 26.5°C, Precipitação: 5.967741935483871 mm, Vento Médio: 11 m/s"
15/12,7.69,False,,18.5,False,,26.5,True,44.0,5.97,False,,11.0,"Temperatura Mínima: 18.5°C, Temperatura Máxima: 26.5°C, Precipitação: 5.967741935483871 mm, Vento Médio: 11 m/s"
16/12,7.69,False,,18.5,False,,26.5,True,26.0,5.97,False,,11.0,"Temperatura Mínima: 18.5°C, Temperatura Máxima: 26.5°C, Precipitação: 5.967741935483871 mm, Vento Médio: 11 m/s"
20/12,7.69,False,,18.5,False,,26.5,True,23.0,5.97,False,,11.0,"Temperatura Mínima: 18.5°C, Temperatura Máxima: 26.5°C, Precipitação: 5.967741935483871 mm, Vento Médio: 11 m/s"
21/12,7.69,False,,18.5,False,,26.5,True,51.0,5.97,False,,11.0,"Temperatura Mínima: 18.5°C, Temperatura Máxima: 26.5°C, Precipitação: 5.967741935483871 mm, Vento Médio: 11 m/s"
22/12,7.69,False,,18.5,False,,26.5,True,8.0,5.97,False,,11.0,"Temperatura Mínima: 18.5°C, Temperatura Máxima: 26.5°C, Precipitação: 5.967741935483871 mm, Vento Médio: 11 m/s"
23/12,7.69,False,,18.5,False,,26.5,True,55.0,5.97,False,,11.0,"Temperatura Mínima: 18.5°C, Temperatura Máxima: 26.5°C, Precipitação: 5.967741935483871 mm, Vento Médio: 11 m/s"
24/12,7.69,False,,18.5,False,,26.5,True,47.0,5.97,False,,11.0,"Temperatura Mínima: 18.5°C, Temperatura Máxima: 26.5°C, Precipitação: 5.967741935483871 mm, Vento Médio: 11 m/s"
25/12,7.69,False,,18.5,False,,26.5,True,14.0,5.97,False,,11.0,"Temperatura Mínima: 18.5°C, Temperatura Máxima: 26.5°C, Precipitação: 5.967741935483871 mm, Vento Médio: 11 m/s"
26/12,7.69,False,,18.5,False,,26.5,True,9.0,5.97,False,,11.0,"Temperatura Mínima: 18.5°C, Temperatura Máxima: 26.5°C, Precipitação: 5.967741935483871 mm, Vento Médio: 11 m/s"
29/12,7.69,False,,18.5,False,,26.5,True,59.0,5.97,False,,11.0,"Temperatura Mínima: 18.5°C, Temperatura Máxima: 26.5°C, Precipitação: 5.967741935483871 mm, Vento Médio: 11 m/s"
30/12,7.69,False,,18.5,False,,26.5,True,13.0,5.97,False,,11.0,"Temperatura Mínima: 18.5°C, Temperatura Máxima: 26.5°C, Precipitação: 5.967741935483871 mm, Vento Médio: 11 m/s"
31/12,7.69,False,,18.5,False,,26.5,True,27.0,5.97,False,,11.0,"Temperatura Mínima: 18.5°C, Temperatura Máxima: 26.5°C, Precipitação: 5.967741935483871 mm, Vento Médio: 11 m/s"
